目标,MAE,MSE,RMSE,R2,MAPE(%),SMAPE(%)
整层构建总自重,878.8963012695312,1312179.625,1145.504150390625,0.7710530526293716,18.649612367153168,14.922517538070679
整体合计恒载,4701.32763671875,34409724.0,5865.98046875,0.9527578396290949,21.155568957328796,17.33563095331192
整体平均,2790.112060546875,17860952.0,3505.7421875,0.8619054461292333,19.902590662240982,16.1290742456913
