目标,MAE,MSE,RMSE,R2,MAPE(%),SMAPE(%)
整层构建总自重,1250.2252197265625,3135614.25,1770.7666015625,0.8599899159611168,16.644224524497986,16.552753746509552
整体合计恒载,8539.025390625,171126432.0,13081.5302734375,0.8253914448189359,19.341295957565308,19.851097464561462
整体平均,4894.62548828125,87131024.0,7426.1484375,0.8426906803900264,17.992760241031647,18.201925605535507
